team_id,post_round,instruction,input,output
1,1,Make a report of the fan's impressions about the game,"""√â s√≥ o Sampaoli estar assistindo dos camarotes que o Gerson j√° ganhou um buff.Domingo perfeito. Tr√™s a zero com um bom jogo, BH voltando de les√£o, Gabriel voltando a marcar.Finalmente vou come√ßar uma semana mais leve p√≥s jogo do Flamengo."";""Como √© bom vencer um jogo pqp"";""Esse gol do Pedro e literalmente o motivo pelo qual voc√™ tem que fazer o Flamengo jogar pelo meio, tabelando pra penetrar a √°rea. Olha a qualidade que tu tem com esse moleque com a bola no p√©, tem que ser idiota pra for√ßar tanto as alas como o VP fazia"";""FINALMENTE ESSE TIME FEZ UM BOM JOGO, MAL POSSO ESPERAR PELA COLETIVA DO VP :))"";""CARALHO COMO EU ODEIO AQUELE MATADOR DE SOGRA, PENSAR QUE SE FOSSE ELE A GENTE PERDERIA DE 3X0"";""Gostei muito do Fran√ßa, do L√©o e do VH hoje. Igor Jesus tamb√©m entrou bem, acho razo√°vel ele ser pensado mais vezes no lugar do Thiago Maia, o jogador mais limitado que a gente tem no elenco"";""Um dos melhores jogos do Flamengo esse ano e isso diz mais sobre o ano do que sobre esse jogoWesley apareceu muito bem, eventualmente vai oscilar pq √© moleque, mas pode ser pe√ßa important√≠ssima j√° que vamos ter que esperar at√© a pr√≥xima janela pra contratar, Igor Jesus tamb√©m entrou bem e pode ajudar.David Luiz nem precisa voltar, a defesa funcionou bem melhor hoje com L√©o Pereira e Fabr√≠cioAinda to com zero confian√ßa no Sampaoli e acho que a diretoria errou feio ao traz√™-lo, espero muito estar errado sobre isso"";""O Flamengo voltou ao normal. Brasileir√£o √© nosso rapazes"";""A√≠ no jogo da Liberta, Sampoli: *Certo, hermanos.. vamos a jugar 3-4-3. Varella titular.*&. hahahahaha"";""Melhor jogo do Flamengo no ano, digo com tranquilidade.""","A torcida do Flamengo expressou satisfa√ß√£o com a vit√≥ria de 3 a 0, destacando a melhora de Gerson com Sampaoli assistindo dos camarotes. Est√£o aliviados com o resultado, elogiando o retorno de Bruno Henrique e Gabriel Barbosa marcando. Consideram que foi um dos melhores jogos do ano.

Eles elogiaram o gol de Pedro e a import√¢ncia de jogar pelo meio com tabelas. Fran√ßa, L√©o Pereira, Victor Hugo, e Igor Jesus foram destacados, com Wesley tamb√©m reconhecido, apesar de ser jovem e oscilante. 

A desconfian√ßa em Sampaoli persiste, com cr√≠ticas ao estilo de jogo anterior e jogadores como David Luiz. A torcida espera que Sampaoli evite estrat√©gias criticadas em futuros jogos, especialmente na Libertadores. O sentimento geral √© de al√≠vio e felicidade, mas ainda h√° cautela e cr√≠ticas sobre a consist√™ncia e escolhas t√°ticas."
1,16,Make a report of the fan's impressions about the game,"""A√≠, j√° falando do jogo de quarta. Correr atr√°s do botafogo nem √© tema pro elenco. Nas entrelinhas que a gente pega as coisas. MCP t√° certo mesmo. O elenco escolhe competi√ß√£o."";""√â muito dif√≠cil n√£o acreditar que esse time escolhe os jogos e que n√£o se importam com o Brasileir√£o. A quantidade de trope√ßos contra times do fim da tabela de 2020 rpa c√° √© rid√≠cula."";""Gabigol √© o centroavante, final de jogo. Onde ele t√°? Na lateral direita, cruzando bola pra √°rea. Quem concorda com isso √© maluco, sifuder."";""Conhe√ßam a melhor profiss√£o do mundo em 2023:jogador do Flamengo.Recebe em m√©dia mais de 500k pra ESCOLHER qual jogo vai levar a s√©rio."";""Empate em casa contra o am√©rica üòéüòéüòé"";""Resultado frustrante, mais um ano sem nem passar perto de brigar pelo Brasileir√£oMas eu t√¥ confiante nas copas, d√° pra levar as duas de novo"";""Eu quero que o Marcos Braz apare√ßa agora! Na moral, t√¥ revoltado."";""as vaias mais que merecidas!"";""Brasileirao j√° era... foco nas copas.Dito isso, √© obriga√ß√£o ganhar do lanterna do campeonato mesmo que fosse time reserva"";""O Am√©rica finalizou e trouxe mto mais perigo que o Flamengo, isso e ineg√°vel. N√£o d√° pra fazer jogo em casa contra o lanterna e quase perder""","A torcida do Flamengo est√° insatisfeita com o desempenho do time no Brasileir√£o, especialmente ap√≥s o empate em casa contra o Am√©rica. Muitos acreditam que o elenco escolhe quais competi√ß√µes levar a s√©rio, negligenciando o campeonato nacional. Coment√°rios destacam a frustra√ß√£o com a quantidade de trope√ßos contra times do fim da tabela desde 2020.

Gabigol foi criticado por estar na lateral direita, cruzando bolas, em vez de atuar como centroavante no final do jogo. H√° uma percep√ß√£o de que os jogadores ganham altos sal√°rios para decidir quais jogos levar a s√©rio, gerando revolta entre os torcedores.

Enquanto alguns j√° consideram o Brasileir√£o perdido e querem focar nas copas, outros exigem explica√ß√µes de figuras como Marcos Braz e acham as vaias merecidas. O desempenho do Am√©rica, que trouxe mais perigo ao jogo, √© visto como inaceit√°vel, refor√ßando a cr√≠tica de que o time n√£o deveria quase perder em casa contra o lanterna do campeonato."
2,5,Make a report of the fan's impressions about the game,"""""Se n√£o tivesse jogado aqui, minha vida seria incompleta""Luan na entrevista p√≥s jogo."";""QUE TIME! Artur parece que nunca saiu daqui, jogando demais ta doido!"";""Time jogou bem demais. Fiquei tenso durante a semana mas esse palmeiras sempre ta ai pra alegrar minha quarta feira! Avanti!"";""Palmeiras amassou! Veiga √© o pai do Gr√™mio, n√£o tem como. Pede a ben√ßa! üõê"";""Meia hora de massacre + 15 minutos administrando, fez s√≥ 1 gol.1 ataque do gr√™mio, fez um gol.Pqp"";""What a time to be alive"";""Arthur t√° jogando muito hoje"";""A bola bateu na m√£o do zagueiro que estava com o bra√ßo aberto, como isso n√£o √© p√™nalti?"";""O Artur foi a contrata√ß√£o certa, encaixou como uma luva no time"";""Que vareio meus amigos, que vareio""","A torcida do Palmeiras est√° empolgada com a recente vit√≥ria, destacando o desempenho excepcional do time. Luan expressou que sua experi√™ncia no clube √© essencial para sua vida. Artur, em especial, foi elogiado por ter se integrado perfeitamente ao time e jogado muito bem, parecendo nunca ter sa√≠do do Palmeiras.

O time teve uma performance impressionante, com destaque para Veiga, que √© visto como o ""pai do Gr√™mio"". Apesar de um massacre por meia hora e mais 15 minutos de controle do jogo, o Palmeiras s√≥ conseguiu um gol, enquanto o Gr√™mio fez um gol em um √∫nico ataque, o que gerou certa frustra√ß√£o entre os torcedores.

H√° tamb√©m questionamentos sobre uma poss√≠vel penalidade n√£o marcada, quando a bola bateu na m√£o do zagueiro com o bra√ßo aberto. Apesar disso, o sentimento geral √© de alegria e satisfa√ß√£o com o desempenho do Palmeiras, que sempre traz boas vibra√ß√µes para as quartas-feiras."
2,31,Make a report of the fan's impressions about the game,"""Pode at√© ser que a gente n√£o ganhe o brasileiro, mas esse jogo j√° elevou meus n√≠veis de dopamina l√° no infinito."";""Primeiro tempo e meu time tomando 3x0... √∫ltima vez que me senti assim vendo um jogo foi na copa do mundo em 2014..."";""Amo quando o Palmeiras cala minha boca"";""√â, j√° era."";""Falem dele do pardabel"";""Beira o rid√≠culo isso. Levar goleada no primeiro tempo j√°."";""TODOS OS ANTIS AQUI PODEM IR DORMIR. A NOITE EH DE QUEM TORCE PRO VERDAO"";""Vai ser uma goleada hist√≥rica pra eles. üò≠"";""o palmeirense n√£o comemora. ele desabafa"";""Eu t√¥ at√¥nito. Nunca cornetei tanto e queimei a l√≠ngua t√£o fudido""","A torcida do Palmeiras teve uma montanha-russa de emo√ß√µes durante o jogo. Muitos estavam euf√≥ricos com o desempenho inicial, destacando que, mesmo sem a certeza de ganhar o Brasileir√£o, o jogo elevou seus n√≠veis de dopamina. No entanto, o primeiro tempo trouxe frustra√ß√£o, com o time tomando uma goleada de 3x0, comparada √† sensa√ß√£o amarga da Copa do Mundo de 2014.

Alguns torcedores expressaram amor pelo Palmeiras, especialmente quando o time surpreende e cala suas cr√≠ticas. Outros estavam resignados, achando que ""j√° era"" e beirava o rid√≠culo levar uma goleada no primeiro tempo. Ainda assim, havia aqueles que se mantinham otimistas e firmes, dizendo que a noite era dos torcedores do Verd√£o.

A rea√ß√£o foi mista, com um palmeirense descrevendo a experi√™ncia como mais um desabafo do que comemora√ß√£o. A surpresa foi grande, com muitos admitindo que nunca haviam criticado tanto e acabado sendo t√£o surpreendidos pelo time."
3,16,Make a report of the fan's impressions about the game,"""Nada como um Santos horr√≠vel para nos iludir e um Cuiab√° chato para nos trazer de volta √† realidade.    Eu continuo com minha opini√£o do come√ßo do Brasileir√£o: O nosso campeonato √© por um G6-G8 sem sufoco, se conseguirmos isso j√° est√° bom. Botafogo j√° est√° muito √† frente, Flamengo e Palmeiras tem muito mais elenco e dificilmente ficam fora do G4, e Gr√™mio tamb√©m t√° firme esse ano.    Dito isso, manda o Marcos Paulo de volta pro Atl√©tico logo. Nem pra ser reserva do reserva do reserva ele serve, nunca sequer chegar√° aos p√©s de Jonas Tor√≥."";""Outra arbitragem tenebrosa em sequ√™ncia. Dessa vez, os jogadores se deixaram desconcentrar, o que custou pelo menos o empate. Dito isso, louv√°vel como Dorival quer dar jogo pra todo mundo, mas n√£o d√° pra levar isso √†s √∫ltimas consequ√™ncias. Marcos Paulo errou tudo e entregou alguns contra ataques. Com 7 op√ß√µes de ataque, ele √© a s√©tima."";""Se era pra jogar isso a√≠, era melhor ter ido com o sub-20, partida vergonhasa do time.N√£o ganhar fora √© rid√≠culo, e em algum momento isso vai ser cobrado.Ter√ßa tem que ganhar l√° e foda-se"";""Marcos Paulo n√£o pode mais jogar no S√£o Paulo, na boa esse cara √© horroroso. J√° teve 300 chances e n√£o aproveitou. Encosta esse bagre logo E os bastidores do SP s√£o uma bizarrice s√≥, desde n√£o se posicionar contra as seguidas roubalheiras da arbitragem at√© essa palha√ßada de deixar o Rafinha viajar pra Alemanha, passando pela entrevista pat√©tica do Dorival de que vai voltar ao Flamengo. Bando de frouxo bunda mole"";""Depois do p√™nalti absurdo marcado √© outro jogo. Claro que h√° raz√µes pra nossa derrota (Luan, Marcos Paulo), mas o jogo √© completamente outro a partir daquele momento.Tem que parar de ser o time bonzinho que n√£o reclama das coisas. Ter√ßa feira √© o Wilton que fez o que fez quando apitou en Itaquera"";""A gente t√° sendo roubado contra o Cuiab√°,o CUIAB√Å!!!imaginem ter√ßa"";""Todo mundo entrou com a cabe√ßa no jogo de ter√ßa.Ningu√©m quis correr risco de machucar.Nessas situa√ß√µes, melhor colocar o time b. Eles pelo menos entram com vontade de mostrar servi√ßo"";""Derrota merecida. Chega de chances pro Marcos Paulo. Antes dele o Juan/Pato/dvd merecem muito mais.Luan precisa melhorar muito pra ter espa√ßo nesse time."";""Que juizinho ladr√£o, pq expulsou o Dorival?Abel enche o saco todos os jogos e no m√°ximo toma amarelo."";""Isso √© o que d√° manter esse time desfigurado pro 2o tempo, Seu Dorival""","A torcida do S√£o Paulo est√° insatisfeita com o desempenho do time, especialmente ap√≥s a derrota contra o Cuiab√°. Muitos torcedores acreditam que o time est√° sendo iludido por vit√≥rias contra advers√°rios fracos como o Santos e trazido de volta √† realidade por jogos contra times mais consistentes. H√° uma sensa√ß√£o de que a luta do S√£o Paulo no Brasileir√£o ser√° por um G6-G8, considerando que times como Botafogo, Flamengo, Palmeiras, e Gr√™mio est√£o muito √† frente.

A arbitragem foi um ponto de cr√≠tica intensa, com muitos torcedores achando que decis√µes ruins desconcentraram os jogadores e influenciaram negativamente o resultado. A atitude de Dorival J√∫nior de tentar dar tempo de jogo para todos os jogadores tamb√©m foi criticada, especialmente em rela√ß√£o a Marcos Paulo, que √© visto como um jogador que erra muito e n√£o tem aproveitado suas chances.

A torcida tamb√©m expressou frustra√ß√£o com a falta de um posicionamento forte do clube contra o que consideram ser seguidas injusti√ßas da arbitragem. H√° uma preocupa√ß√£o com o pr√≥ximo jogo, e muitos acreditam que o time principal deveria ter descansado para evitar les√µes, sugerindo que o time B teria demonstrado mais vontade."
3,31,Make a report of the fan's impressions about the game,"""N√£o entendo pq o James tem que sair todo jogo.Ele foi o melhor disparado do primeiro tempo, s√≥ n√£o foi melhor pq o David e o Rato s√£o burros demais, toda hora impedido."";""Rafael garantiu resultado.Rafinha mal e Caio displicente.Beraldo bem como sempre.Arboleda e Maia indispens√°veis.Alisson  monstro.Nestor tava naqueles dias que n√£o quer jogar, nesses dias nem adianta, melhor tirar aos 15 min.James jogou muito enquanto tava em campo, o duro que tinha que servir o in√∫til do DVD.Atua√ß√£o medonha do DVD, tomara que sirva para tirar qualquer resqu√≠cio de d√∫vida que algum dirigente poderia ter do qu√£o bagre que √©.Rato n√£o foi mal, mas √© o Rato.Luciano, para √≥dio dos haters, garantiu o dele.Erison serve pra nada.Michel voluntarioso e participa bem do jogo. Da din√¢mica.Juan entrou bem.Quanto ao Dorival, s√≥ n√£o entendi a substitui√ß√£o do James, j√° que era o √∫nico pensante (uma vez que Nestor desencanou de entrar em campo hoje)Seguimos, 42 pontos, praticamente garantidos de vez. De olho em 2024"";""UfaVit√≥ria culposa"";""Vingan√ßa por ter perdido l√° no primeiro turno sem eles chutarem uma bola no gol.Vit√≥ria totalmente culposa."";""Vi a entrevista do Alisson e olha‚Ä¶ parece um cara muito √≠ntegro, muito bacana. Me sinto mal de ter sido t√£o cr√≠tico e escroto com ele no come√ßo do ano"";""Mais sorte do que ju√≠zo epis√≥dio 419041.A pior coisa que poderia surgir desse gol do Luciano √© o Dorival se sentir validado nessas experi√™ncias horrorosas. O trabalho dele √© desempenhar com as melhores pe√ßas que tem. √â inaceit√°vel Rato continuar em campo e James sair. Ele que se vire pra tornar isso vi√°vel."";""Hoje o Santo Paulo nos ajudou muito com bola na trave , cabe√ßas do advers√°rio para fora e Rafael trabalhando bem.Se o Cruzeiro fosse minimamente eficaz estar√≠amos perdendo , isso √© preocupante!"";""De verdade, entendo quem acha isso idioticeNem deu vontade de comemorar esse golImportante, sim. Mas a sensa√ß√£o de derrota que esse time passa, mesmo ganhando, √© surreal√â desgastante ver esse time ""jogar"""";""Cheguei atrasado, mas 42/45"";""Alisson sumiu um pouco mas no primeiro tempo jogou bem e da assist√™ncia agora. Melhor do jogo""","A torcida do S√£o Paulo est√° dividida em rela√ß√£o ao desempenho do time, especialmente ap√≥s a vit√≥ria recente. Muitos questionam a substitui√ß√£o de James Rodr√≠guez, que foi considerado o melhor jogador do primeiro tempo. Eles criticam jogadores como David e Rato por estarem frequentemente impedidos e por suas atua√ß√µes fracas. Rafael foi elogiado por garantir o resultado, enquanto Rafinha e Caio foram criticados por atua√ß√µes ruins e displicentes, respectivamente.

Beraldo, Arboleda, Maia, e Alisson receberam elogios, com Alisson sendo especialmente destacado como um ""monstro"" em campo. Em contraste, Nestor teve um dia ruim e deveria ter sido substitu√≠do cedo. Luciano, apesar de ter haters, garantiu seu gol, e Juan foi bem quando entrou. Dorival J√∫nior foi criticado pela substitui√ß√£o de James e por manter Rato em campo.

A vit√≥ria foi considerada ""culposa"" e atribu√≠da mais √† sorte do que ao m√©rito. Houve reconhecimento de que o Cruzeiro poderia ter sido mais eficaz, o que √© preocupante para os torcedores. A torcida est√° preocupada com a consist√™ncia do time, mencionando que mesmo nas vit√≥rias, a sensa√ß√£o √© desgastante e frustrante. Alguns torcedores expressaram um al√≠vio pela vit√≥ria e por praticamente garantir a posi√ß√£o com 42 pontos, enquanto outros ainda est√£o preocupados com o desempenho geral do time e as escolhas t√°ticas do t√©cnico."
4,19,Make a report of the fan's impressions about the game,"""Qdo vi o escanteio no final do primeiro tempo, falei ""tipico lance que o vasco leva gol""N√£o deu outraDaronco mais uma vez mostrando q n da pra apitar jogo do VascoA b√™n√ß√£o do Daciolo funcionando at√© agora, pq o tanto de gol que o Braga perdeu n√£o t√° escritoVegetti parece que vai ser muito parecido com o Pedro Raul em fun√ß√£o em campo, a diferen√ßa de que pelo menos consegue converter p√™nalti. Tomara que n√£o entre numa s√©rie ruim que fa√ßa perder a confian√ßa"";""A gente teria ganhado esse jogo se n√£o fosse o show de horrores do Daronco. Que juiz pat√©tico!"";""Jair e Puma n√£o podem entrar mais em campo.Jair entra, o meio de campo morre. E o filho da puta n√£o marca ainda.Puma sempre deixa um espa√ßo absurdo nas costas. Quase todo lance do RedBull no segundo tempo veio nas costas dele."";""Daronco BANDIDO!"";""Jogo podre. O Pumita n√£o presta para absolutamente nada, o Jair √© um cone no meio campo e o Galarza s√≥ sabe correr alguns metros e cruzar alto na √°rea. Vamos precisar de mais alguns milagres"";""E o imbecil do Paulo bracks falou que n√£o vai contratar mais, OLHA ESSE TIME"";""A zaga esta mto fraca...Soh consegui assistir o segundo tempo e foi medonho... time nao produziu nada! ü§¶üèª‚Äç‚ôÇÔ∏è"";""O que ocorre com o Vasco que, h√° um temp√£o, s√≥ joga 1 tempo? Bom jogo no 1o tempo, no 2o entregou a bola, mesmo antes das mudan√ßas que ressuscitaram o barbieribol"";""Tem q prender esse bandido do Daronco. Vagabundo!"";""pelo menos 1 ponto galera""","A torcida do Vasco est√° extremamente insatisfeita com o desempenho do time e, especialmente, com a arbitragem de Daronco, que √© amplamente criticada. Muitos acreditam que a derrota poderia ter sido evitada se n√£o fosse pelo ""show de horrores"" do √°rbitro, que √© chamado de ""pat√©tico"" e ""bandido"".

H√° tamb√©m fortes cr√≠ticas aos jogadores Jair e Puma. Jair √© visto como um jogador que mata o meio de campo e n√£o marca bem, enquanto Puma √© criticado por deixar espa√ßos nas costas, permitindo que o Red Bull Bragantino criasse v√°rias chances. Galarza tamb√©m n√£o escapou das cr√≠ticas, sendo visto como limitado em suas contribui√ß√µes.

Vegetti foi comparado a Pedro Raul, mas com a ressalva de que pelo menos consegue converter p√™naltis, embora haja preocupa√ß√µes sobre ele perder a confian√ßa se entrar em uma s√©rie ruim. A zaga do Vasco foi descrita como muito fraca, especialmente no segundo tempo, que foi considerado ""medonho"" e improdutivo.

Os torcedores est√£o frustrados com a falta de contrata√ß√µes, especialmente ap√≥s o coment√°rio do diretor Paulo Bracks de que n√£o haveria mais refor√ßos. H√° uma preocupa√ß√£o de que o time s√≥ jogue bem em um tempo e entregue o jogo no segundo, uma tend√™ncia que vem sendo observada h√° algum tempo."
4,31,Make a report of the fan's impressions about the game,"""√© isso mesmo vadia compramos o juize tamb√©m: 26 milhoes de rais no orellano pra esse gol tudo planejado fodaseVASCO"";""[deleted]"";""Muito obrigado pelo gol orellano mas agora, pelo amor de deus, que rossi e marlon voltem bem pq a gente precisa deles urgentemente."";""Me perdoe se eu te critiquei orefrango.."";""Novo Messi?"";""N√£o Vasco, n√£o me iluda dnv üò≠üò≠üò≠"";""√â um milagre de natal o juiz estar do nosso lado"";""34/45Que venha o Botafogo"";""L√©o Garden dos milagresMedel xerif√£o com MaiconPec decidindo de novoAt√© o Sebastian ajudou hojeTEM QUE ACREDITAR AT√â A √öLTIMA RODADA. Jogando bem ou mal, a torcida tem que apoiar pra vit√≥rias vim, porque depois que ca√≠, as coisas ficam muito dif√≠cil."";""Meu amigo. Ontem estava numa depress√£o s√≥. Hj ja estou animado de novo. Vai ser jogo a jogo com emo√ß√£o. Olhando friamente, vasco buscou 4 pontos em 2 jogos que pareciam ser derrotas garantidas""","A torcida do Vasco passou por uma montanha-russa de emo√ß√µes ap√≥s a vit√≥ria recente. A partida foi marcada por um misto de ironia, al√≠vio e esperan√ßa. A torcida fez brincadeiras sobre ""comprar o juiz"" e elogiou o gol de Orellano, que teve um papel crucial. Houve pedidos para o retorno urgente de Rossi e Marlon, considerados essenciais para o time.

Coment√°rios variaram de cr√≠ticas iniciais a Orellano, que se transformaram em elogios ap√≥s o gol, com brincadeiras como ""Novo Messi?"". Muitos torcedores expressaram ceticismo, pedindo para n√£o serem iludidos novamente pelo time.

Houve surpresa e al√≠vio pelo fato de o juiz ter favorecido o Vasco, algo que alguns torcedores consideraram um ""milagre de Natal"". A vit√≥ria trouxe uma renova√ß√£o de esperan√ßa, com elogios ao desempenho de jogadores como L√©o Garden, Medel, Maicon, e Pec. A torcida foi encorajada a continuar apoiando o time at√© a √∫ltima rodada, independentemente da qualidade do jogo, pois o apoio √© crucial para evitar o rebaixamento.

A vit√≥ria tamb√©m trouxe uma mudan√ßa de √¢nimo, com torcedores que estavam desanimados no dia anterior agora se sentindo animados novamente. A perspectiva √© de enfrentar cada jogo com emo√ß√£o, valorizando os 4 pontos conquistados em duas partidas que pareciam derrotas garantidas. A expectativa agora √© para o pr√≥ximo confronto contra o Botafogo."
1,11,Make a report of the fan's impressions about the game,"""Usaram os dias de pausa pra treinar basquete com Jimmy Butler e esqueceram de treinar futebol."";""A institui√ß√£o ""CRF n√£o pode ter muitos dias livres pra treino"" continua funcionando em sua plenitude."";""Sou Flamengo na vit√≥ria, na derrota eu t√¥ fora KKKKKKKKKK bom fim de semana, Flamigos. Agora √© focar no Aucas quarta-feira"";""Merecido, pra geral parar de ser ot√°rio e tomar um choque de realidade.Tem que contratar, se n√£o contratar vai ser esse time gangorra a√≠"";""Foi feio e deu raiva? SimMas aconteceu, n√£o √© terra arrasadaMas temos que contratar no m√≠nimo uns 5 aindaSEM VOLANTE O TIME N√ÉO JOGATava 2x0 s√≥ com o Thiago Maia e a gente toma um terceiro gol com 2 minutos do segundo tempo, ai j√° n√£o tinha o que o Pulgar ajudarPrecisamos de muito mais jogadores"";""Pior jogo da temporada, f√°cil. Superando os segundos tempos contra o Aucas e Nublense fora de casa. Al√©m disso, dia que era noite. Tudo dava errado. Simplesmente tudo. O tempo todo o time perdia bola depois de dois passes. Dois."";""EU TO COM MUITO √ìDIO DA POSTURA DESSE TIME FILHO DA PUTA10 dias livres pra treinar e os caras me voltam jogando com esse √¢nimo. Bizarro o que esse time acabou de apresentar. Simplesmente bizarro. √â o mesmo comportamento da partida contra o fluminense na final do carioca, √© o mesmo comportamento contra o Nublense. Foi agoniante assistir isso, mais uma vez essa postura, mais uma partida que o time simplesmente decide n√£o jogar. Isso foi um dos mais alto desrespeitos com o torcedor do clube. Uma das partidas mais tenebrosas que j√° acompanhei vendo esse time."";""essa porra desse henry mosquera nunca mais vai jogar assim na vida. caiu do c√©u, deitou e rolou hoje e agora vai se aposentar"";""Flamengo sem seus dois melhores jogadores, Pulgar e Beijinho, sofrendo contra um Bragantino que t√° dando a vida.Quero ver algu√©m falar que Matheus Cunha √© goleiro ruim ou n√£o t√° pronto agora. O mlk t√° agarrando demais, e o gol n√£o foi nem de longe culpa dele."";""Mosquera custou 1/8 do Cebolinha. ü§°""","A torcida do Flamengo est√° profundamente frustrada com o desempenho do time, especialmente ap√≥s uma derrota que veio depois de um longo per√≠odo de treino. H√° cr√≠ticas mordazes sobre o uso ineficaz do tempo de treinamento, com piadas de que os jogadores treinaram basquete com Jimmy Butler em vez de futebol.

A derrota trouxe √† tona a percep√ß√£o de que o time √© inconsistente e precisa urgentemente de refor√ßos, com muitos torcedores pedindo no m√≠nimo cinco novas contrata√ß√µes, especialmente um volante, j√° que o time n√£o est√° funcionando bem sem essa posi√ß√£o preenchida adequadamente.

A atua√ß√£o foi considerada a pior da temporada, superando outros jogos ruins contra o Aucas e Nublense. A frustra√ß√£o √© exacerbada pelo fato de que, ap√≥s 10 dias de treino, o time retornou com um desempenho ap√°tico e desanimador. A compara√ß√£o com comportamentos vistos em outras derrotas, como a final do Carioca contra o Fluminense, intensifica a raiva dos torcedores.

A postura do time foi vista como desrespeitosa e um dos maiores desrespeitos ao torcedor. Henry Mosquera, um jogador advers√°rio, teve uma atua√ß√£o destacada, que muitos acham que ele nunca repetir√°, enquanto o desempenho dos jogadores do Flamengo foi med√≠ocre."
2,7,Make a report of the fan's impressions about the game,"""Cl√°ssico da Saudade de fatoSaudade da minha vida antes de ver esse jogo"";""Time que quer ganhar alguma coisa n√£o pode empatar com Vasco, Santos e Bragantino, tr√™s times horr√≠veis."";""Se vc assistir 3 dias seguidos de ufc num vai conseguir ver a mesma quantidade de porrada q o Veiga leva num √∫nico jogo."";""Tudo que o Rony tentou at√© agora ele errou, que agonia... s√≥ fazer o simples, quer enfeitar e engrossa tudo"";""Time cansado,  cansei de assistir"";""Esse time do Santos √© chatinho, n√£o sei onde eles acham esses mlks"";""Que porra que foi esse finzinho do primeiro tempo, levando calor do santos"";""Flaco fez v√°rios gols e virou reserva do reserva do cachorro que mija atr√°s do banco, n√£o d√° n√£o, hj era jogo pra ele"";""Time que almeja t√≠tulo tendo que enfiar um menino da base, que claramente ainda n√£o t√° pronto, num cl√°ssico.... E ainda n√£o foi nem 10 rodadas de campeonato...Vende Danilo, vende kuscevic, n√£o compra ningu√©m pra rep√¥r, t√° a√≠ Gomez hoje sentiu, Murilo no estaleiro.... Mesma coisa na 5, o Fabinho ainda aguenta a bronca mas √© uma posi√ß√£o que toma muito cart√£o, dia que estiver dependendo do Jailson vai vir um maremoto de choro"";""Que jogo tenebroso... Ambas as equipes jogaram muito mal. Os santistas est√£o satisfeitos com o empate, mas ineg√°vel que foi um dos piores jogos do campeonato""","A torcida do Palmeiras est√° profundamente insatisfeita ap√≥s o empate no Cl√°ssico da Saudade contra o Santos. Muitos torcedores expressaram saudade de tempos melhores, antes de assistir ao jogo. H√° um consenso de que um time que pretende ganhar t√≠tulos n√£o pode empatar com times considerados fracos como Vasco, Santos e Bragantino.

Rony foi criticado por tentar jogadas complicadas e errar frequentemente, enquanto Veiga recebeu elogios pela resist√™ncia, apesar de sofrer muitas faltas. A exibi√ß√£o foi descrita como cansativa e frustrante, com o time parecendo exausto. Torcedores mencionaram que o Santos, apesar de ser um time ""chatinho"", conseguiu pressionar o Palmeiras no final do primeiro tempo.

Flaco foi destacado por ter sido deixado no banco, mesmo ap√≥s ter feito v√°rios gols, o que muitos torcedores acharam inaceit√°vel. H√° tamb√©m preocupa√ß√µes sobre a falta de profundidade no elenco, especialmente ap√≥s a venda de jogadores como Danilo e Kuscevic, sem reposi√ß√µes adequadas. Isso for√ßou o time a depender de jovens da base que ainda n√£o est√£o prontos para jogos importantes.

O jogo foi descrito como tenebroso, com ambas as equipes jogando muito mal. Enquanto os santistas podem estar satisfeitos com o empate, os torcedores do Palmeiras consideram este um dos piores jogos do campeonato at√© agora."
3,32,Make a report of the fan's impressions about the game,"""Beraldo tomou um pis√£o no tornozelo desse tbm, n√£o tem vermelho pro jogador do Fluminense? Impressionante o n√≠vel rid√≠culo da arbitragem, todo ano eles se superam na ruindade.E vai ter mais vermelho pra gente, o juizinho j√° tratou de pendurar todo mundo."";""Gabriel Neves principal respons√°vel pela derrota hj,expuls√£o rid√≠cula,nem espera 2024 come√ßar,j√° manda embora j√°,n√£o joga nada h√° meses"";""Ao que interessa: esse Willian a√≠ j√° pode ficar no time de cima e j√° pode cancelar a contrata√ß√£o (que j√° deve estar engatilhada) de um bagre qualquer pra posi√ß√£o. Talles Wander parece ter muito mais desenvoltura que Juan. E uma pena o Thalles Costa. √â um Nestor com mais drible e 10 quilos a menos. Seria um bom jogador pra maturar uns anos atr√°s... mas parece ter perdido o timing, considerando as op√ß√µes que temos hoje."";""Foda que eu vi o jogo inteiro pq mesmo achando que boa ir√≠amos empatar no fundo eu acreditava, jogo feio, n√£o achei a expuls√£o justa, o juiz era horr√≠veo.Domingo tem mais e estarei no Morumbi pra ver isso ai."";""J√† deu de David e Erison, pr√≥ximo jogo eu quero Talles Wander, Willian Gomes e Caio Matheus titulares, fodase.    N√£o tem porque esperar o Paulista para testar eles, tem que dar chance pras crias da base antes de ir ao mercado. Lembrando que no come√ßo desse ano e no meio do ano passado fomos buscar Alan Franco e Ferraresi porque o Rog√©rio achava que o Beraldo n√£o tava pronto, e hoje a gente v√™ quem √© que resolveu a zaga."";""Toda empresa de m√≠dia que tem divis√£o do Rio de Janeiro fica lambendo o saco deles mesmo, n√£o tem um povo com a cabe√ßa enfiada mais no pr√≥prio cu no Brasil que o carioca"";""Assim, se for considerar que passamos quase o jogo inteiro com um a menos, √°rbitro torcedor do Fluminense, que o DVD √© horr√≠vel (Neves tamb√©m, obviamente) e que a gente s√≥ perdeu por um, eu fico satisfeito. Base do S√£o Paulo me deixou empolgado, Neves pode meter o p√© do S√£o Paulo e Erison deveria ser titular no lugar do SCS."";""Todo s√£o Paulino tem o dever moral de odiar a divis√£o de esportes da globo.Esse filho duma puta desse Roger eu gostaria de dar um murro na boca dele. Esse Villani tbm vtnc vilani."";""Cotia no c√©uGabriel Neves, David e Erison na cadeiaPor favor Dorival"";""Luciano foi inteligente nesse √∫ltimo lance na mesma propor√ß√£o que o dvd foi bagre""","A torcida do S√£o Paulo est√° indignada ap√≥s a derrota para o Fluminense, com muitas cr√≠ticas √† arbitragem, considerada rid√≠cula e tendenciosa. Beraldo tomou um pis√£o no tornozelo sem que o jogador do Fluminense fosse punido com um cart√£o vermelho, enquanto os jogadores do S√£o Paulo foram constantemente advertidos e pendurados.

Gabriel Neves foi apontado como o principal respons√°vel pela derrota devido √† sua expuls√£o, considerada rid√≠cula por muitos torcedores, que pedem sua sa√≠da do clube. O desempenho de jovens como Willian e Talles Wander foi elogiado, com sugest√µes de que eles deveriam ser incorporados ao time principal em vez de contratar novos jogadores.

A atua√ß√£o do time foi descrita como feia, e muitos torcedores est√£o frustrados com a insist√™ncia em jogadores como David e Erison, preferindo ver jovens da base ganhando mais oportunidades. H√° tamb√©m cr√≠ticas √† cobertura da m√≠dia, especialmente da divis√£o de esportes da Globo, que √© acusada de favorecer os times do Rio de Janeiro."
4,15,Make a report of the fan's impressions about the game,"""√ìtima vit√≥ria mas sa√≠ embasbacado com as entrevistas do Am√©rica Mineiro.  Primeiro veio a p√©rola do ""Futebol se joga com o bra√ßo"".  A√≠ me termina com o rapaz dizendo que o Vasco, O VASCO ser√° ajudado pela arbitragem.  O lance, inclusive, quase foi ignorado pela arbitragem mas que acabou saindo na cobertura televisiva, a√≠ n√£o teve jeito."";""gol meio que cagadinho mas melhor do que empatar 0x0, esse primeiro tempo ‚Ä¶ entristecedor, acho que pod√≠amos ter feito melhor, mas acho que o que causou isso foi o calor (d√° um cansa√ßo da porra) E o fato da gente n√£o ter tido quase nenhum dia de descan√ßo, jogamos 3 dias atr√°s, ent√£o n√£o me era l√° muito inesperado alguma coisa assimmas! segundo tempo foi MUITO melhor, eles meteram 10 na grande √°rea ent√£o demorou mas foi quest√£o de tempo‚Ä¶NO VA A BAJAR"";""[deleted]"";""Jair me desculpa"";""Nunca critiquei o Jair. NUNCA!"";""So falta o Santos agora üôè"";""frame person worry cobweb sloppy memory straight quack nail poor *This post was mass deleted and anonymized with [Redact]("";""[deleted]"";""n√£o cairemos"";""VASCO""","A torcida do Vasco expressou uma mistura de satisfa√ß√£o e surpresa ap√≥s a vit√≥ria recente. Os coment√°rios das entrevistas do Am√©rica Mineiro deixaram muitos embasbacados, especialmente com a declara√ß√£o de que ""futebol se joga com o bra√ßo"" e a alega√ß√£o de que o Vasco seria favorecido pela arbitragem. Apesar do lance controverso, que quase foi ignorado pela arbitragem, a cobertura televisiva garantiu que fosse revisado.

A vit√≥ria foi bem-vinda, embora o primeiro tempo tenha sido descrito como decepcionante, possivelmente devido ao calor e √† falta de descanso, j√° que o time jogou h√° apenas tr√™s dias. No entanto, o segundo tempo mostrou uma melhora significativa, com o Vasco conseguindo superar a defesa do Am√©rica Mineiro que estava concentrada na grande √°rea.

Houve um pedido de desculpas a Jair, seguido por declara√ß√µes de apoio, com alguns torcedores afirmando que nunca o criticaram. A vit√≥ria deixou a torcida esperan√ßosa, com men√ß√µes de que falta pouco para escapar do rebaixamento, e um esp√≠rito positivo com o grito de ""VASCO"" ecoando entre os f√£s. O foco agora √© garantir mais vit√≥rias para assegurar a perman√™ncia na s√©rie A."
